imbalance,C,l1_ratio,solver,mean_test_pr_auc,std_test_pr_auc,mean_train_pr_auc,std_train_pr_auc,mean_test_roc_auc,std_test_roc_auc,mean_train_roc_auc,std_train_roc_auc,mean_test_precision,std_test_precision,mean_train_precision,std_train_precision,mean_test_recall,std_test_recall,mean_train_recall,std_train_recall,mean_test_f1,std_test_f1,mean_train_f1,std_train_f1,split0_test_pr_auc,split1_test_pr_auc,split2_test_pr_auc,split3_test_pr_auc,split4_test_pr_auc,penalty
original,0.1000000000,1.0000000000,liblinear,0.7558714184,0.0290536415,0.7650116198,0.0078470085,0.9811217468,0.0098932409,0.9834501079,0.0015381816,0.8742774409,0.0159934950,0.8822782394,0.0104349486,0.5845263158,0.0471663526,0.5945817761,0.0151810301,0.6993075842,0.0320864781,0.7103083429,0.0123679489,0.7503911548,0.7495430452,0.7102925072,0.7699640562,0.7991663285,L1
original,1.0000000000,1.0000000000,liblinear,0.7546354958,0.0318863208,0.7677866401,0.0078949290,0.9766826347,0.0131855477,0.9819882655,0.0013440620,0.8619002409,0.0279929010,0.8789621691,0.0138841691,0.6136491228,0.0516777190,0.6283128975,0.0079675185,0.7147923679,0.0291682820,0.7327592190,0.0088749726,0.7495770032,0.7448721302,0.7087870681,0.7623846311,0.8075566464,L1
original,10.0000000000,1.0000000000,liblinear,0.7540373292,0.0322657751,0.7677582471,0.0078258369,0.9758460549,0.0138362974,0.9814594857,0.0014655887,0.8622410663,0.0295758678,0.8806309004,0.0116839445,0.6162807018,0.0426980782,0.6336043538,0.0089356154,0.7172021775,0.0226268373,0.7369217498,0.0082541812,0.7486960134,0.7432596434,0.7084239915,0.7617227349,0.8080842626,L1
original,100.0000000000,1.0000000000,liblinear,0.7538573305,0.0323190748,0.7677283123,0.0077820518,0.9757460453,0.0138872975,0.9814049255,0.0014765177,0.8622410663,0.0295758678,0.8805242269,0.0116478403,0.6162807018,0.0426980782,0.6329442878,0.0090282926,0.7172021775,0.0226268373,0.7364356078,0.0082206893,0.7482193266,0.7430835988,0.7083754136,0.7614510446,0.8081572691,L1
original,0.0100000000,0.0000000000,lbfgs,0.7537073098,0.0262938913,0.7602821132,0.0083342613,0.9835462182,0.0097558271,0.9863043934,0.0014589021,0.8774324772,0.0200041713,0.8842460810,0.0070166340,0.5792280702,0.0519995502,0.5806876052,0.0132964882,0.6960008883,0.0343837611,0.7009176390,0.0099717848,0.7476366742,0.7509816839,0.7110361839,0.7678804893,0.7910015178,L2
original,0.1000000000,0.0000000000,lbfgs,0.7531566228,0.0317209814,0.7658561190,0.0081347252,0.9800038198,0.0115344042,0.9836793646,0.0022435110,0.8639585026,0.0226865241,0.8802169376,0.0122296685,0.5950526316,0.0593292144,0.6170742902,0.0092095143,0.7024297972,0.0370756021,0.7255111026,0.0101186881,0.7480099615,0.7453858368,0.7048864850,0.7644856340,0.8030151966,L2
original,1.0000000000,0.0000000000,lbfgs,0.7527089224,0.0325373552,0.7660835302,0.0079435666,0.9777431379,0.0133223916,0.9824351426,0.0020894054,0.8632884481,0.0249193164,0.8782166722,0.0134474822,0.6056491228,0.0554424160,0.6243503158,0.0111690737,0.7096443502,0.0321010387,0.7297980630,0.0110595733,0.7487247757,0.7427162372,0.7040922292,0.7633282489,0.8046831208,L2
original,100.0000000000,0.0000000000,lbfgs,0.7521246723,0.0328864812,0.7660023140,0.0078101685,0.9775224645,0.0134692738,0.9822586382,0.0020494299,0.8632884481,0.0249193164,0.8776267193,0.0138020260,0.6056491228,0.0554424160,0.6256748191,0.0114583409,0.7096443502,0.0321010387,0.7304975603,0.0113990187,0.7487220390,0.7410809075,0.7033603971,0.7625367149,0.8049233030,L2
original,10.0000000000,0.0000000000,lbfgs,0.7521209448,0.0329718403,0.7660089216,0.0078276955,0.9775311760,0.0134691993,0.9822703575,0.0020478214,0.8632884481,0.0249193164,0.8776267193,0.0138020260,0.6056491228,0.0554424160,0.6256748191,0.0114583409,0.7096443502,0.0321010387,0.7304975603,0.0113990187,0.7487245342,0.7410654148,0.7031338944,0.7627458078,0.8049350727,L2
original,0.0010000000,0.0000000000,lbfgs,0.7511692448,0.0266137746,0.7550707059,0.0079603945,0.9840720336,0.0080142182,0.9854406221,0.0018089955,0.8626607177,0.0316072437,0.8659258951,0.0072816964,0.4891929825,0.0499677458,0.4993399340,0.0078756235,0.6223284208,0.0382713187,0.6333571185,0.0060138032,0.7635647972,0.7562753241,0.7064101589,0.7425844284,0.7870115156,L2
smote,1.0000000000,0.0000000000,lbfgs,0.7431214675,0.0274026038,0.7450511014,0.0045091658,0.9809032869,0.0082045864,0.9899793871,0.0014509222,0.0549832545,0.0054082742,0.0563413572,0.0039057894,0.9072982456,0.0336537874,0.9285620615,0.0080759776,0.1036295759,0.0096610616,0.1062132570,0.0069587694,0.7461005472,0.7310841265,0.6974984430,0.7669793593,0.7739448616,L2
smote,10.0000000000,0.0000000000,lbfgs,0.7428289585,0.0276700990,0.7445476664,0.0049309300,0.9809181799,0.0082048428,0.9899734916,0.0014525346,0.0549763125,0.0054638596,0.0563672885,0.0038980463,0.9072982456,0.0336537874,0.9285620615,0.0080759776,0.1036159931,0.0097577952,0.1062594235,0.0069442743,0.7461405798,0.7303755731,0.6970127055,0.7651700020,0.7754459323,L2
smote,100.0000000000,0.0000000000,lbfgs,0.7427610561,0.0276826301,0.7445494072,0.0049355192,0.9809176155,0.0082070859,0.9899744424,0.0014512749,0.0549471816,0.0054444806,0.0563496158,0.0039161965,0.9072982456,0.0336537874,0.9285620615,0.0080759776,0.1035643255,0.0097215243,0.1062277763,0.0069769817,0.7461406132,0.7299387820,0.6971011769,0.7651725451,0.7754521635,L2
smote,0.1000000000,0.0000000000,lbfgs,0.7410390325,0.0265330782,0.7426407827,0.0036577137,0.9809250111,0.0082343341,0.9899265110,0.0014500021,0.0551378916,0.0054548287,0.0563798058,0.0039970251,0.9072982456,0.0336537874,0.9279019955,0.0077326632,0.1039035083,0.0097396129,0.1062763685,0.0071225389,0.7464200873,0.7308499763,0.6955207497,0.7612540908,0.7711502585,L2
smote,10.0000000000,1.0000000000,liblinear,0.7399542538,0.0261482346,0.7422406520,0.0035049762,0.9809182360,0.0082652530,0.9899027443,0.0014575218,0.0548993762,0.0051872426,0.0561391988,0.0040275025,0.9072982456,0.0336537874,0.9285620615,0.0080759776,0.1034845861,0.0092700414,0.1058521781,0.0071773115,0.7458750071,0.7292338166,0.6951036351,0.7612784415,0.7682803686,L1
smote,100.0000000000,1.0000000000,liblinear,0.7399372294,0.0261788462,0.7423252030,0.0035152939,0.9809180649,0.0082649633,0.9899031128,0.0014575864,0.0549108305,0.0052017434,0.0561377636,0.0040342079,0.9072982456,0.0336537874,0.9285620615,0.0080759776,0.1035045657,0.0092944458,0.1058495395,0.0071891244,0.7458750114,0.7292333764,0.6950159022,0.7612819419,0.7682799148,L1
smote,1.0000000000,1.0000000000,liblinear,0.7399351711,0.0261240164,0.7425835731,0.0033313404,0.9809174340,0.0082671385,0.9898997124,0.0014574811,0.0549202794,0.0052079297,0.0561695918,0.0040408120,0.9072982456,0.0336537874,0.9285620615,0.0080759776,0.1035213351,0.0093059296,0.1059060501,0.0072001600,0.7458697728,0.7292315106,0.6951190000,0.7612137691,0.7682418029,L1
smote,0.0010000000,0.0000000000,lbfgs,0.7384020366,0.0262078810,0.7382541189,0.0079458345,0.9811205022,0.0089431546,0.9888488596,0.0015549990,0.0612484383,0.0058681646,0.0622235260,0.0048421219,0.9073333333,0.0290907454,0.9193102092,0.0068398545,0.1146860729,0.0103547985,0.1165222979,0.0085163503,0.7519405404,0.7126787258,0.7072986649,0.7415402836,0.7785519682,L2
smote,0.1000000000,1.0000000000,liblinear,0.7383621551,0.0257659443,0.7427488066,0.0050733570,0.9809493130,0.0082847096,0.9898671057,0.0014402124,0.0550829673,0.0052798181,0.0563253010,0.0041026987,0.9072982456,0.0336537874,0.9278998098,0.0088099080,0.1038105742,0.0094403851,0.1061778457,0.0073070758,0.7443187064,0.7293778191,0.6934516224,0.7580171762,0.7666454512,L1
smote,0.0100000000,1.0000000000,liblinear,0.7374929451,0.0226558512,0.7397809112,0.0077847602,0.9807842309,0.0085081367,0.9895427040,0.0014874220,0.0565575834,0.0055310656,0.0577595478,0.0045491684,0.9099649123,0.0318658314,0.9265796778,0.0082762786,0.1064382079,0.0098517749,0.1087089893,0.0080776380,0.7532592391,0.7255766954,0.6999992248,0.7442118775,0.7644176888,L1
smote,0.0100000000,0.0000000000,lbfgs,0.7340258810,0.0212227846,0.7407741898,0.0058200158,0.9809770741,0.0083861562,0.9896859299,0.0014618119,0.0559807554,0.0057626959,0.0573363686,0.0043954465,0.9072982456,0.0336537874,0.9272397438,0.0084446956,0.1053975523,0.0102998707,0.1079650055,0.0078107181,0.7481777610,0.7209800958,0.6994718018,0.7427437352,0.7587560113,L2
original,0.0100000000,1.0000000000,liblinear,0.7319201608,0.0257531364,0.7357776440,0.0089811955,0.9698623309,0.0150916180,0.9718214774,0.0031204385,0.8755625856,0.0298283321,0.8763736545,0.0068730895,0.5475087719,0.0414185819,0.5529233056,0.0126534930,0.6722577255,0.0278309751,0.6779546891,0.0096145363,0.7347349309,0.7178430477,0.6972875746,0.7341620243,0.7755732266,L1
smote,0.0010000000,1.0000000000,liblinear,0.7270413041,0.0262301851,0.7284405265,0.0084381959,0.9810247440,0.0085751381,0.9878403726,0.0018049739,0.0635487192,0.0055670690,0.0645911116,0.0050388551,0.9073333333,0.0355215981,0.9186457719,0.0068735816,0.1187055090,0.0096977422,0.1206575406,0.0088204697,0.7303781201,0.6980249965,0.7008072377,0.7363954084,0.7696007577,L1
original,0.0010000000,1.0000000000,liblinear,0.6927928757,0.0498039124,0.6964744143,0.0098693754,0.9483670206,0.0256300902,0.9492735920,0.0056404440,0.8146955624,0.0552667413,0.8092640256,0.0188518505,0.1745964912,0.0209680758,0.1739426923,0.0108086773,0.2871624435,0.0301841837,0.2861952736,0.0151471563,0.7196542237,0.6835049080,0.6071790095,0.6955892323,0.7580370050,L1
